# fix the movements seed to insure that 
# all methods are reproducible
movement.randomseed.fixed;false

movement.distribution.method.sp0;maps
movement.distribution.method.sp1;maps
movement.distribution.method.sp2;maps
movement.distribution.method.sp3;maps
movement.distribution.method.sp4;maps
movement.distribution.method.sp5;maps
movement.distribution.method.sp6;maps
movement.distribution.method.sp7;maps

movement.age.max.map0;3
movement.age.min.map0;0
movement.file.map0;Maps/corr_grid2_ENGENC.csv
movement.season.map0;0;1;2;3;4;5;6;7;8;9;10;11;12;13;14;15;16;17;18;19;20;21;22;23
movement.species.map0;EngraulisEncrasicolus

movement.age.max.map1;5
movement.age.min.map1;0
movement.file.map1;Maps/corr_grid2_SPRSPR.csv
movement.season.map1;0;1;2;3;4;5;6;7;8;9;10;11;12;13;14;15;16;17;18;19;20;21;22;23
movement.species.map1;SprattusSprattus

movement.age.max.map2;7
movement.age.min.map2;0
movement.file.map2;Maps/corr_grid2_TRAMED.csv
movement.season.map2;0;1;2;3;4;5;6;7;8;9;10;11;12;13;14;15;16;17;18;19;20;21;22;23
movement.species.map2;TrachurusMediterraneaus 

movement.age.max.map3;5
movement.age.min.map3;0
movement.file.map3;Maps/corr_grid2_MULBAR.csv
movement.season.map3;0;1;2;3;4;5;6;7;8;9;10;11;12;13;14;15;16;17;18;19;20;21;22;23
movement.species.map3;MullusBarbatus

movement.age.max.map4;4
movement.age.min.map4;0
movement.file.map4;Maps/corr_grid2_MERMER.csv
movement.season.map4;0;1;2;3;4;5;6;7;8;9;10;11;12;13;14;15;16;17;18;19;20;21;22;23
movement.species.map4;MerlangiusMerlangus

movement.age.max.map5;11
movement.age.min.map5;0
movement.file.map5;Maps/corr_grid2_PSEMAX.csv
movement.season.map5;0;1;2;3;4;5;6;7;8;9;10;11;12;13;14;15;16;17;18;19;20;21;22;23
movement.species.map5;PsettaMaximaMaeotica

movement.age.max.map6;3
movement.age.min.map6;0
movement.file.map6;Maps/corr_grid2_POMSAL.csv
movement.season.map6;0;1;2;3;4;5;6;7;8;9;10;11;12;13;14;15;16;17;18;19;20;21;22;23
movement.species.map6;PomatomusSaltatrix

movement.age.max.map7;4
movement.age.min.map7;0
movement.file.map7;Maps/corr_grid2_SARSAR.csv
movement.season.map7;0;1;2;3;4;5;6;7;8;9;10;11;12;13;14;15;16;17;18;19;20;21;22;23
movement.species.map7;SardaSarda


movement.randomwalk.range.sp0;1
movement.randomwalk.range.sp1;1
movement.randomwalk.range.sp2;1
movement.randomwalk.range.sp3;3
movement.randomwalk.range.sp4;3
movement.randomwalk.range.sp5;3
movement.randomwalk.range.sp6;3
movement.randomwalk.range.sp7;2
