,paropt,parmin,parmax,parphase
species.K.sp0,0.425,0.3825,0.4675,1
species.K.sp1,0.42,0.378,0.462,1
species.K.sp2,0.2313,0.20817,0.25443,1
species.K.sp3,0.22,0.198,0.242,1
species.K.sp4,0.13,0.117,0.143,1
species.K.sp5,0.119,0.1071,0.1309,1
species.K.sp6,0.228,0.2052,0.2508,1
species.K.sp7,0.463,0.4167,0.5093,1
species.lInf.sp0,16.368,14.7312,18.0048,2
species.lInf.sp1,13.759,12.3831,15.1349,2
species.lInf.sp2,20.5,18.45,22.55,2
species.lInf.sp3,24.6,22.14,27.06,2
species.lInf.sp4,33.05,29.745,36.355,2
species.lInf.sp5,96.24,86.616,105.864,2
species.lInf.sp6,51,45.9,56.1,2
species.lInf.sp7,67.883,61.0947,74.6713,2
species.vonbertalanffy.threshold.age.sp0,1,0.9,1.1,3
species.vonbertalanffy.threshold.age.sp1,1,0.9,1.1,3
species.vonbertalanffy.threshold.age.sp2,1,0.9,1.1,3
species.vonbertalanffy.threshold.age.sp3,1,0.9,1.1,3
species.vonbertalanffy.threshold.age.sp4,1,0.9,1.1,3
species.vonbertalanffy.threshold.age.sp5,1,0.9,1.1,3
species.vonbertalanffy.threshold.age.sp6,1,0.9,1.1,3
species.vonbertalanffy.threshold.age.sp7,1,0.9,1.1,3
