;Engraulis_encrasicolus;Sprattus_sprattus;Trachurus_mediterraneaus;Mullus_barbatus;Merlangius_merlangus;Psetta_maxima_maeotica;Pomatomus_saltatrix;Sarda_sarda
Engraulis_encrasicolus;0;0;0.5;0;0.4;0;0.5;0.5
Sprattus_sprattus;0;0;0.5;0;0.4;0.8;0.5;0.5
Trachurus_mediterraneaus;0;0;0;0;0.4;0;0.5;0.5
Mullus_barbatus;0;0;0;0;0.2;0;0;0
Merlangius_merlangus;0;0;0;0;0.1;0.1;0;0
Psetta_maxima_maeotica;0;0;0;0;0;0;0;0
Pomatomus_saltatrix;0;0;0;0;0;0;0;0
Sarda_sarda;0;0;0;0;0;0;0;0
Zo;0.7;0.6;0.5;0.1;0;0;0;0
Zm;0.2;0.2;0.1;0.1;0;0;0;0
